grid_id,growth_score,predicted_growth_category,prediction_probability
0,0.3416297250933485,Low,0.9997563
1,0.2959045594360661,Low,0.99978846
2,0.2720950263644042,Low,0.99977714
3,0.3574867167072721,Low,0.9995658
4,0.394147046807945,Low,0.9994174
5,0.4306654667550541,Low,0.9984402
6,0.3696216086958298,Low,0.9995994
7,0.1532297601457329,Low,0.9998054
8,0.182072886408725,Low,0.9998103
9,0.2812524051513289,Low,0.9998103
10,0.3942954605337482,Low,0.9996263
11,0.4142820968041741,Low,0.99923694
12,0.4426239240830957,Low,0.9869414
13,0.5425769320696325,Medium,0.9932354
14,0.5597237514965213,High,0.9499607
15,0.5526480532411305,High,0.90913963
16,0.4410385870484156,Low,0.99196
17,0.5624115728610878,High,0.989474
18,0.5589363599335629,High,0.9775843
19,0.5360158208442538,Medium,0.99749506
20,0.5014510269274739,Medium,0.99769294
21,0.523096255304511,Medium,0.99422616
22,0.4433910484978225,Low,0.9872879
23,0.3774715985393496,Low,0.9993598
24,0.105055638052861,Low,0.9997738
25,0.2583187669998086,Low,0.99977547
26,0.4012380872711917,Low,0.9973394
27,0.3538228316985449,Low,0.9996263
28,0.4836986618286586,Medium,0.9981159
29,0.4871628766633767,Medium,0.99871206
30,0.5817349093796426,High,0.9989385
31,0.4873487109591301,Medium,0.997792
32,0.5107004163642979,Medium,0.9981602
33,0.4928326235424473,Medium,0.9992539
34,0.55305331691947,High,0.8725493
35,0.5483985464944647,Medium,0.9702945
36,0.5563237351368345,High,0.6598093
37,0.5409355425735028,Medium,0.99753714
38,0.5474172303107371,Medium,0.9900473
39,0.5864363597074367,High,0.9996424
40,0.5287379714041928,Medium,0.9966158
41,0.4895192433888903,Medium,0.99883896
42,0.4999590053041894,Medium,0.99902594
43,0.6396290990176692,High,0.9998485
44,0.5732685356444217,High,0.99810284
45,0.6618400262145274,High,0.9997719
46,0.5591530310458633,High,0.9832185
47,0.3157701120951316,Low,0.99978215
48,0.4180014791961897,Low,0.999331
49,0.3863399657567616,Low,0.9995301
50,0.3137664881904698,Low,0.99979955
51,0.2895012159085673,Low,0.9997557
52,0.4146249713492663,Low,0.9994265
53,0.2243859049195664,Low,0.9997793
54,0.3624420447029143,Low,0.99956423
55,0.3602867587491707,Low,0.9996915
56,0.3818763108276248,Low,0.9994729
57,0.4552862720971686,Low,0.9564176
58,0.4485542875009339,Low,0.90691555
59,0.4006525085578598,Low,0.9992531
60,0.4796977828740509,Medium,0.99632496
61,0.4260621524418564,Low,0.9988267
62,0.6298639230080709,High,0.9996495
63,0.525219921731801,Medium,0.9988611
64,0.4035674370496069,Low,0.9980532
65,0.3570743266420717,Low,0.9995597
66,0.5672249710542465,High,0.9928883
67,0.5121404670673052,Medium,0.9988613
68,0.4562292521218997,Low,0.8528924
69,0.4356376561097096,Low,0.990409
70,0.4373673082131454,Low,0.9971872
71,0.3794750691487984,Low,0.9995448
72,0.1933330625600553,Low,0.99979335
73,0.4716833679603141,Medium,0.98266256
74,0.4456743769463552,Low,0.9887145
75,0.3771508665233917,Low,0.99935013
76,0.3488605973104738,Low,0.9998636
77,0.3406225392443834,Low,0.9989459
78,0.4266363180248752,Low,0.9973688
79,0.5380651396413879,Medium,0.99559265
80,0.5342587538862534,Medium,0.98805785
81,0.5469154724573341,Medium,0.92524105
82,0.5097566624197172,Medium,0.9992637
83,0.5242696294603855,Medium,0.99913824
84,0.4830917405034455,Medium,0.9987006
85,0.5074101813362514,Medium,0.9972843
86,0.6003772527737521,High,0.9997104
87,0.6586078726376884,High,0.99988425
88,0.6721844335939281,High,0.9998299
89,0.613116787591393,High,0.9997073
90,0.5959295407958817,High,0.9988637
91,0.5122506273950435,Medium,0.9994254
92,0.3740112060058018,Low,0.9992447
93,0.3613387130631392,Low,0.9996551
94,0.5150443286411067,Medium,0.99947244
95,0.3721290454867925,Low,0.9996805
96,0.384133000792819,Low,0.99944776
97,0.4258873546359808,Low,0.99903584
98,0.3969281379383218,Low,0.999265
99,0.307918929926718,Low,0.9997235
100,0.3371799607526053,Low,0.99975485
101,0.3599377494440951,Low,0.99967
102,0.3253050105554285,Low,0.9997845
103,0.3896255261305459,Low,0.99963164
104,0.4825082348783756,Medium,0.99902105
105,0.4941605073684766,Medium,0.9988617
106,0.5954887167573487,High,0.9995938
107,0.5353571117547137,Medium,0.99867624
108,0.4564381398937255,Low,0.65998775
109,0.5863924421999059,High,0.9991375
110,0.5839390622858538,High,0.99641967
111,0.5750824468813003,High,0.99384934
112,0.381619500588434,Low,0.9989492
113,0.4513023656762175,Low,0.9741916
114,0.421504919522115,Low,0.9991779
115,0.4406398299051798,Low,0.99677867
116,0.3934485103434951,Low,0.99935645
117,0.3328800744773312,Low,0.9992962
118,0.3360538203350857,Low,0.99909127
119,0.1257293945203386,Low,0.9998154
120,0.4171271048481123,Low,0.9960194
121,0.4306411456824301,Low,0.9964999
122,0.4335411063264976,Low,0.99803287
123,0.3856325725769159,Low,0.99938977
124,0.3951467644091549,Low,0.9994179
125,0.4885997866260668,Medium,0.9978126
126,0.4835505357987321,Medium,0.996997
127,0.5423774897944705,Medium,0.9708916
128,0.559337026559156,High,0.9420806
129,0.5593907893324348,High,0.93725204
130,0.5630877961990115,High,0.99010086
131,0.5776690688419595,High,0.99958104
132,0.6155580698855266,High,0.9997781
133,0.611039131602416,High,0.9996302
134,0.6033672237973743,High,0.9989028
135,0.7366881786586811,High,0.9998272
136,0.6494309696073427,High,0.99980885
137,0.5304846164150218,Medium,0.9988788
138,0.5300574615128165,Medium,0.9983328
139,0.4025179988493497,Low,0.9988852
140,0.4415159496421981,Low,0.9899182
141,0.459540072627264,Medium,0.8360689
142,0.420062348077542,Low,0.9992482
143,0.1281035394647301,Low,0.99977
144,0.42207458408548,Low,0.99940526
145,0.3695683294154483,Low,0.9996557
146,0.254197971932321,Low,0.9997807
147,0.2561292998091883,Low,0.99984455
148,0.3525407324928177,Low,0.9997241
149,0.0170198684927738,Low,0.99978584
150,0.3922553812140404,Low,0.99960667
151,0.3839891811587804,Low,0.9993461
152,0.4840637941044999,Medium,0.99763215
153,0.5572417545292025,High,0.7688493
154,0.4983370810822469,Medium,0.99918944
155,0.5750725427648918,High,0.9976528
156,0.5724428712528195,High,0.9964108
157,0.5752595677694002,High,0.99839395
158,0.5183137312529014,Medium,0.99836034
159,0.5164200358027671,Medium,0.99899524
160,0.5439103466380023,Medium,0.98802406
161,0.4582358355668409,Medium,0.87484425
162,0.4692927733128005,Medium,0.9984906
163,0.3767638765898123,Low,0.9991067
164,0.3116733751465093,Low,0.9928484
165,0.1741174539312359,Low,0.9926846
166,0.291256757779114,Low,0.999819
167,0.4035753059057165,Low,0.9958281
168,0.5176560904269223,Medium,0.999305
169,0.513892308306112,Medium,0.9990176
170,0.4981096029505684,Medium,0.9979413
171,0.5356884970181287,Medium,0.9941638
172,0.5803993705237598,High,0.99925643
173,0.5757585507681939,High,0.9991616
174,0.3236683782132018,Low,0.99978834
175,0.5176056569732215,Medium,0.9988644
176,0.452251186675603,Low,0.7387192
177,0.152028310729904,Low,0.9992681
178,0.5520739755319242,Medium,0.60075337
179,0.590375146450599,High,0.9990701
180,0.6964787088398853,High,0.99967766
181,0.4999910260419875,Medium,0.99893504
182,0.6023788857661779,High,0.9994672
183,0.6488377556945898,High,0.99979
184,0.5762459697479979,High,0.9993948
185,0.4998002308259641,Medium,0.99541557
186,0.4398793568908506,Low,0.99660397
187,0.3382710338059531,Low,0.9997495
188,0.5215866872346107,Medium,0.9994252
189,0.3185946102966908,Low,0.99978846
190,0.2049056690613897,Low,0.999876
191,0.4017861847515409,Low,0.9993926
192,0.507475377187884,Medium,0.9994035
193,0.4515353840188069,Low,0.9305141
194,0.5631380970613995,High,0.9598042
195,0.4229495372697124,Low,0.99904126
196,0.0,Low,0.9997842
197,0.3554429284835748,Low,0.9994842
198,0.4359095640311998,Low,0.99473673
199,0.5702127763054188,High,0.99555403
200,0.4280914774886146,Low,0.99824107
201,0.4729182493628887,Medium,0.99372923
202,0.5103235487748573,Medium,0.999193
203,0.4924938990932155,Medium,0.9970246
204,0.5749337020219274,High,0.99909544
205,0.5239797219722672,Medium,0.9990657
206,0.4680790232267867,Medium,0.98171073
207,0.4337147153636296,Low,0.9974753
208,0.5004800543130848,Medium,0.99856263
209,0.4746471609760603,Medium,0.99760085
210,0.4385847508467573,Low,0.98968786
211,0.2640985775728512,Low,0.99387395
212,0.4048893693413976,Low,0.99327457
213,0.3121087433013871,Low,0.9989637
214,0.5225247811058941,Medium,0.99871564
215,0.5800698803930214,High,0.99944085
216,0.4761817594383894,Medium,0.9973381
217,0.4656387735918883,Medium,0.8158122
218,0.4286112941970089,Low,0.9976636
219,0.5179297811636233,Medium,0.99741733
220,0.4847017227139252,Medium,0.99678206
221,0.5238716315156124,Medium,0.99943334
222,0.4073830041005882,Low,0.99912876
223,0.5747106065467067,High,0.99484104
224,0.257587745812017,Low,0.9998078
225,0.5194369855371707,Medium,0.99884087
226,0.4763542612090737,Medium,0.9977695
227,0.6445668331133848,High,0.999705
228,0.6311555309366658,High,0.9997763
229,0.5244099949963269,Medium,0.9988049
230,0.5953350792843191,High,0.9996284
231,0.5224176915401972,Medium,0.9984193
232,0.5223034126716977,Medium,0.99873203
233,0.5944806419599872,High,0.99969447
234,0.5443884757795652,Medium,0.97322494
235,0.4559929241622554,Low,0.9826195
236,0.5025392595232128,Medium,0.9987293
237,0.4234211634147926,Low,0.9985209
238,0.3578116824884412,Low,0.9995927
239,0.3356901629944208,Low,0.9997259
240,0.4785792611229969,Medium,0.99515414
241,0.2672164541242389,Low,0.9997516
242,0.4246154967822882,Low,0.9985662
243,0.2962008743313623,Low,0.9997795
244,0.3084607504858729,Low,0.99972147
245,0.5042258949405108,Medium,0.99908125
246,0.4621722964342488,Medium,0.85037506
247,0.4973700823029824,Medium,0.9985532
248,0.506481268107177,Medium,0.99837685
249,0.5179956113960429,Medium,0.99935883
250,0.5120905485109833,Medium,0.999153
251,0.5366690062639413,Medium,0.9896768
252,0.548026064407137,Medium,0.9660394
253,0.522672365203241,Medium,0.99812585
254,0.3731918413988177,Low,0.99935883
255,0.3953385851000777,Low,0.99906546
256,0.4596794900100433,Medium,0.89154124
257,0.3372644317214257,Low,0.9991386
258,0.5744040380104872,High,0.97181475
259,0.4049929569928893,Low,0.95692253
260,0.4902663764145096,Medium,0.9991217
261,0.5339322471569221,Medium,0.99829084
262,0.5843105446336397,High,0.9987507
263,0.6080475608956317,High,0.9994561
264,0.452974637305521,Low,0.96549505
265,0.5513170810730167,Medium,0.7310929
266,0.3888367724059567,Low,0.999181
267,0.6419567979637061,High,0.9998228
268,0.4240794898397634,Low,0.99643314
269,0.5272529378920467,Medium,0.99818265
270,0.5033604724401056,Medium,0.9984717
271,0.398606379005688,Low,0.99910444
272,0.4603465918609805,Medium,0.9609571
273,0.502543779092755,Medium,0.9986601
274,0.5887008954360038,High,0.9991392
275,0.5866058831354644,High,0.99949443
276,0.6463550873829161,High,0.99985373
277,0.6640758503760031,High,0.9998579
278,0.4931536556151452,Medium,0.998933
279,0.4588450445739619,Medium,0.8840684
280,0.473545925458987,Medium,0.99661285
281,0.4976808218718326,Medium,0.9984894
282,0.4720224715405354,Medium,0.9946666
283,0.5120270708549685,Medium,0.9993198
284,0.2791112829776251,Low,0.99975187
285,0.3571136949121581,Low,0.999616
286,0.3853744269682959,Low,0.99938536
287,0.3923999049550261,Low,0.9992261
288,0.2783416864395488,Low,0.99975187
289,0.3153995266509548,Low,0.99975103
290,0.4254895601386104,Low,0.99798644
291,0.5477667585171621,Medium,0.9820885
292,0.485718748824652,Medium,0.99924195
293,0.4244645719438372,Low,0.9989831
294,0.512319925876501,Medium,0.99880016
295,0.5091308184555879,Medium,0.9987967
296,0.5994075444297987,High,0.9988147
297,0.5424999326322639,Medium,0.99177974
298,0.5546009202276984,High,0.83142704
299,0.4997399103007814,Medium,0.9988023
300,0.4209131853285842,Low,0.99843353
301,0.4167985420311428,Low,0.9905595
302,0.5873862928896584,High,0.92514765
303,0.4671931719040333,Medium,0.7463596
304,0.3882335448806253,Low,0.9470416
305,0.416992875719497,Low,0.9768709
306,0.3813241603419907,Low,0.99656504
307,0.51199259694488,Medium,0.9937262
308,0.6371421416582363,High,0.999841
309,0.5559771603695663,High,0.98708516
310,0.6329900728709782,High,0.9998698
311,0.5733810899812551,High,0.99938583
312,0.5441916745039054,Medium,0.86651057
313,0.6160337327724899,High,0.99966335
314,0.6492107210371016,High,0.99978465
315,0.4924930316214743,Medium,0.9992459
316,0.5116718817284341,Medium,0.99889284
317,0.531191953711775,Medium,0.994218
318,0.5023569990278742,Medium,0.998965
319,0.4239842938270886,Low,0.99895465
320,0.6078597582714458,High,0.99967325
321,0.6270190555960261,High,0.99980193
322,0.4883974895076212,Medium,0.99817085
323,0.5467933285975218,Medium,0.94818413
324,0.5546799302385289,High,0.86054474
325,0.5229414873262724,Medium,0.99911946
326,0.5596992325694579,High,0.9952508
327,0.4879810181067506,Medium,0.9975817
328,0.3795619036030117,Low,0.9993799
329,0.3484669342449567,Low,0.9996244
330,0.3374446927276566,Low,0.99966383
331,0.4352371700611743,Low,0.99776757
332,0.3543482197983033,Low,0.9995797
333,0.318404925053848,Low,0.99975437
334,0.4657145435628972,Medium,0.9594763
335,0.4571606501838466,Medium,0.74659324
336,0.3104174192965644,Low,0.99973506
337,0.4050207034426512,Low,0.9993144
338,0.442214497502393,Low,0.99564904
339,0.3559688316574286,Low,0.99956936
340,0.499790301152841,Medium,0.9987257
341,0.4270301132986935,Low,0.9984262
342,0.4179730613606902,Low,0.99908566
343,0.537422315795372,Medium,0.96218425
344,0.488425590629412,Medium,0.99869764
345,0.5230511365232547,Medium,0.99914443
346,0.4604852448553253,Medium,0.9320899
347,0.4497605426386765,Low,0.974196
348,0.4815915842823857,Medium,0.9980896
349,0.5380460362118027,Medium,0.9912676
350,0.494893257507675,Medium,0.98651564
351,0.602032768636866,High,0.9827878
352,0.5475532009329721,Medium,0.90785307
353,0.4910022355394151,Medium,0.9439245
354,0.5092846803481654,Medium,0.99401796
355,0.5874311549444428,High,0.9994362
356,0.6355515541388461,High,0.9997491
357,0.6081542605367436,High,0.9997385
358,0.5014073585428365,Medium,0.9989973
359,0.5124617868711103,Medium,0.99900013
360,0.5399110402713249,Medium,0.9954744
361,0.5381012335437337,Medium,0.9959265
362,0.3535192889631254,Low,0.9995783
363,0.511910808699348,Medium,0.9988927
364,0.4467939085487752,Low,0.9799004
365,0.4732917493487886,Medium,0.99774617
366,0.5368696809987122,Medium,0.9766837
367,0.7662815920279931,High,0.9996519
368,0.578567947004264,High,0.99930954
369,0.5554822779241423,High,0.96211904
370,0.5624853700880617,High,0.9981211
371,0.5205446371673882,Medium,0.99846566
372,0.5018381324081017,Medium,0.99897087
373,0.621833986071871,High,0.9997973
374,0.671896329072143,High,0.9998411
375,0.4770647988652351,Medium,0.99837273
376,0.5036262169639544,Medium,0.99862695
377,0.5261188274906806,Medium,0.99650866
378,0.4773426246778207,Medium,0.99261594
379,0.3453843085100659,Low,0.99972874
380,0.3112001692356567,Low,0.999729
381,0.4627742257224838,Medium,0.9408491
382,0.4302681640278186,Low,0.99890363
383,0.224125907524057,Low,0.9997546
384,0.4663216837540404,Medium,0.99696714
385,0.5363782566032188,Medium,0.99258065
386,0.3654116181570065,Low,0.9994362
387,0.4712023517055332,Medium,0.99721354
388,0.4220332231563667,Low,0.99906784
389,0.382541723551778,Low,0.99942267
390,0.4297431637866501,Low,0.9976763
391,0.4070101525964477,Low,0.9991788
392,0.4790705640570433,Medium,0.998747
393,0.4363531946168149,Low,0.9973143
394,0.5185959365219489,Medium,0.99935764
395,0.5907612744258479,High,0.99953175
396,0.426304176105067,Low,0.8966841
397,0.4129120626565136,Low,0.89635134
398,0.6162431842505051,High,0.9955161
399,0.5580900508957962,High,0.9100335
400,0.3886230761762133,Low,0.9838944
401,0.5197018946360993,Medium,0.99456847
402,0.5560524616095357,Medium,0.964735
403,0.6460348110867568,High,0.99982125
404,0.6440315102707065,High,0.99964297
405,0.5468040661210155,Medium,0.9760743
406,0.506300687465068,Medium,0.9993375
407,0.5889940903233883,High,0.99950874
408,0.5112098243997888,Medium,0.9984281
409,0.4849880493411879,Medium,0.99900836
410,0.5101256761093644,Medium,0.9977108
411,0.4997080704973172,Medium,0.99885297
412,0.5005094733728284,Medium,0.9990288
413,0.4971916390407937,Medium,0.99815553
414,0.5778187787267874,High,0.99948514
415,0.5369433220255886,Medium,0.99865353
416,0.4902469329073471,Medium,0.99830014
417,0.5157416031328937,Medium,0.9990232
418,0.5198895461362286,Medium,0.99776006
419,0.6479073027746822,High,0.9919533
420,0.5377745783007337,Medium,0.99590236
421,0.5334935262406999,Medium,0.99839574
422,0.4212985541542355,Low,0.9955818
423,0.3767201377531736,Low,0.9996289
424,0.4910153692476225,Medium,0.9983575
425,0.3620160796054693,Low,0.9994822
426,0.3900326700656967,Low,0.9993724
427,0.4072605699094835,Low,0.9991596
428,0.3698787900527442,Low,0.99934095
429,0.333197497597647,Low,0.9996896
430,0.3479244540477614,Low,0.9996276
431,0.3825860699792546,Low,0.99911326
432,0.4321019005283559,Low,0.9946596
433,0.4410428642343411,Low,0.9964154
434,0.1953014729487684,Low,0.99977666
435,0.3546135195878626,Low,0.9995701
436,0.4170337904610494,Low,0.99906236
437,0.4331389119780278,Low,0.9965205
438,0.4190212792654607,Low,0.99806505
439,0.3927817330488136,Low,0.9984724
440,0.4575235111743685,Medium,0.89447933
441,0.5210929098141649,Medium,0.99922466
442,0.4513357652599585,Low,0.96048784
443,0.8047578023411599,High,0.99851984
444,0.5429903070137526,Medium,0.9797891
445,0.5552151941257616,High,0.9092322
446,0.5186439179426214,Medium,0.9978257
447,0.5084380099506535,Medium,0.9993042
448,0.5065597707648762,Medium,0.994052
449,0.5317387576653541,Medium,0.99812573
450,0.6511661789489082,High,0.9998498
451,0.6487611963525338,High,0.99922967
452,0.5828543413632389,High,0.9995302
453,0.6002679567291483,High,0.99964666
454,0.5793542088596169,High,0.99828523
455,0.5026368010338382,Medium,0.9976769
456,0.4277304850990163,Low,0.9987717
457,0.5354591553878115,Medium,0.99562716
458,0.5394878944977418,Medium,0.9925247
459,0.524377158038368,Medium,0.9988331
460,0.5897716312100637,High,0.99951494
461,0.5656229827421649,High,0.99632
462,0.5132276711062336,Medium,0.99887186
463,0.5230077712297336,Medium,0.999443
464,0.4908213468980626,Medium,0.998582
465,0.5657728099463778,High,0.9853914
466,0.4861997752985297,Medium,0.9987495
467,0.4267916692365901,Low,0.9991079
468,0.4762848235082751,Medium,0.9962379
469,0.4834328192378331,Medium,0.9977531
470,0.3778489373692703,Low,0.99943787
471,0.4102963776401795,Low,0.99915683
472,0.412354689836407,Low,0.9993569
473,0.5418359951405375,Medium,0.9496168
474,0.4453880900058399,Low,0.9345187
475,0.3893748409776291,Low,0.9994831
476,0.5625589785127977,High,0.9619818
477,0.4992345077751653,Medium,0.99787915
478,0.471968372429089,Medium,0.9921433
479,0.4313838602839954,Low,0.9984016
480,0.3985734548849652,Low,0.99928576
481,0.130232707779807,Low,0.99988747
482,0.3031966800036965,Low,0.99979764
483,0.4988083530413721,Medium,0.99881613
484,0.4366790847939785,Low,0.9925532
485,0.4253021669340386,Low,0.99812585
486,0.426170699463384,Low,0.9975485
487,0.4893277674721852,Medium,0.9986072
488,0.5939946906880449,High,0.99952245
489,0.49882062121804,Medium,0.99913603
490,0.5808574505370446,High,0.9966016
491,0.5062452214887411,Medium,0.99312276
492,0.5257117235021652,Medium,0.998757
493,0.5371139710597727,Medium,0.99485284
494,0.5225366220604513,Medium,0.99936825
495,0.5721423743966045,High,0.9991154
496,0.5445256374554986,Medium,0.96788967
497,0.6185483778773236,High,0.99977344
498,0.5852405215167191,High,0.9995993
499,0.5356572293740948,Medium,0.9977697
500,0.5420095307437198,Medium,0.98869854
501,0.5926727954627211,High,0.9989009
502,0.5886300374841642,High,0.99889463
503,0.5799513726390714,High,0.99871886
504,0.5473688068709198,Medium,0.9849236
505,0.5740974778839051,High,0.9996126
506,0.5603749102887405,High,0.9962023
507,0.5448240114225759,Medium,0.9968231
508,0.4596821538811856,Medium,0.92488784
509,0.7390322587976338,High,0.99977535
510,0.6750802592823899,High,0.9995969
511,0.4353568375363736,Low,0.99549675
512,0.5149556814588947,Medium,0.9986124
513,0.5402688693907829,Medium,0.99604946
514,0.4485307220190949,Low,0.9810712
515,0.4906909523348542,Medium,0.99826616
516,0.5292239938634304,Medium,0.9990839
517,0.2958360502485136,Low,0.99981624
518,0.4081865535441166,Low,0.9991714
519,0.3660087273588287,Low,0.9995409
520,0.5241848995236172,Medium,0.99754983
521,0.3953706192798571,Low,0.9991573
522,0.355042420942099,Low,0.99955636
523,0.2965238324140496,Low,0.99990094
524,0.3589880003941973,Low,0.9995771
525,0.4146549916099608,Low,0.9995419
526,0.3730417663324251,Low,0.9995571
527,0.1855132706818415,Low,0.99977916
528,0.1739585652221664,Low,0.99977404
529,0.1751577042047775,Low,0.99910754
530,0.3022219327495332,Low,0.99985564
531,0.50239145667755,Medium,0.9991991
532,0.3533456150783617,Low,0.9924866
533,0.370539438050791,Low,0.9985561
534,0.5237978945654116,Medium,0.9986286
535,0.5143083347461761,Medium,0.9991603
536,0.4955578273606176,Medium,0.9992914
537,0.5865672589272632,High,0.9950553
538,0.6632371321050199,High,0.99978465
539,0.6902619115110488,High,0.99982834
540,0.546820496914977,Medium,0.9722481
541,0.5014673913085542,Medium,0.99942505
542,0.5474121279690862,Medium,0.9773356
543,0.548593668723608,Medium,0.9382482
544,0.5673164654883084,High,0.9976204
545,0.5265737899097688,Medium,0.99924785
546,0.5741465862941387,High,0.98811066
547,0.5538000013194739,High,0.866085
548,0.622961803557336,High,0.9997732
549,0.63058383170882,High,0.9995994
550,0.5315025137645399,Medium,0.99923766
551,0.5388994428041066,Medium,0.99673647
552,0.5201564333982731,Medium,0.9992473
553,0.5960614055915392,High,0.99973375
554,0.6323436586265747,High,0.999808
555,0.5438982475884396,Medium,0.99025995
556,1.0,High,0.99954945
557,0.8928896483108026,High,0.9995815
558,0.5023503807550898,Medium,0.9982027
559,0.581366506273564,High,0.9973846
560,0.5405780987507369,Medium,0.996935
561,0.3071624275966034,Low,0.9997913
562,0.4048260340128072,Low,0.99928313
563,0.50554575473894,Medium,0.9988225
564,0.4037081292292249,Low,0.9990551
565,0.2889710934221534,Low,0.9997694
566,0.2968598608373879,Low,0.9998072
567,0.3376010360909282,Low,0.999699
568,0.3167498764346642,Low,0.9997788
569,0.240655923670349,Low,0.99984217
570,0.4113951819466687,Low,0.99939
571,0.368026444520336,Low,0.99340147
572,0.3477554730181869,Low,0.9996716
573,0.3548867244295936,Low,0.999642
574,0.3379542784561564,Low,0.99976796
575,0.3743265475894974,Low,0.9992716
576,0.2719568634433221,Low,0.99341846
577,0.2599472103734833,Low,0.9935689
578,0.6372959425925215,High,0.99139726
579,0.4355243036423394,Low,0.8967282
580,0.519260319383905,Medium,0.99364674
581,0.4763363942686375,Medium,0.80897146
582,0.4507619417087964,Low,0.9692137
583,0.5373126438087138,Medium,0.9954021
584,0.6089237700356416,High,0.9982337
585,0.6546855744001197,High,0.99976796
586,0.5439311174403525,Medium,0.97637445
587,0.4563188915574893,Low,0.9607874
588,0.5600310294026086,High,0.98698205
589,0.4938639810397097,Medium,0.99882704
590,0.5690928873836256,High,0.9987184
591,0.4894200184583384,Medium,0.9991184
592,0.5516609005243428,Medium,0.7235787
593,0.6056638480265291,High,0.99918693
594,0.6100714434465363,High,0.99962306
595,0.5739726414843422,High,0.99712354
596,0.5139770389324274,Medium,0.9991935
597,0.5690354223844364,High,0.9976222
598,0.4814272450765761,Medium,0.991622
599,0.5108654764397297,Medium,0.9973387
600,0.5893166051632623,High,0.99953294
601,0.5427135595591805,Medium,0.9902592
602,0.4732484890975676,Medium,0.9942028
603,0.4360450845541564,Low,0.9933849
604,0.4555783881418251,Low,0.9735737
605,0.5541876799276777,High,0.924686
606,0.6149990129151268,High,0.99925834
607,0.5258779316857544,Medium,0.9993352
608,0.3926741402385424,Low,0.9992797
609,0.3131398461914658,Low,0.99978155
610,0.532397339496026,Medium,0.99741095
611,0.273817367562215,Low,0.99978465
612,0.1687311031063505,Low,0.99975675
613,0.193649509997243,Low,0.999754
614,0.229463538747569,Low,0.9997615
615,0.1922961500119683,Low,0.9997433
616,0.445549757832006,Low,0.9950831
617,0.3408011987183313,Low,0.9996613
618,0.2519045319915872,Low,0.9997656
619,0.3791688721446945,Low,0.999428
620,0.4078091833668598,Low,0.99941885
621,0.3871481023671268,Low,0.9996202
622,0.3630320374184826,Low,0.9994879
623,0.4358116150673796,Low,0.9466817
624,0.5236697578653584,Low,0.9237819
625,0.790078024264918,High,0.9985349
626,0.4149435026102063,Low,0.91394234
627,0.508665508888929,Medium,0.9841127
628,0.4141924989964487,Low,0.88562685
629,0.6043122830260454,High,0.9911628
630,0.4194620431805401,Low,0.9984023
631,0.5575523970035693,High,0.96987903
632,0.5706072286667029,High,0.9979876
633,0.519703237333304,Medium,0.9991536
634,0.6529252250336077,High,0.9997893
635,0.6133167861151954,High,0.9995902
636,0.4600928770163919,Medium,0.96719325
637,0.5291696274148846,Medium,0.9982944
638,0.5414576666821168,Medium,0.9954457
639,0.5629927348963125,High,0.9842094
640,0.5020287962173795,Medium,0.9992679
641,0.5913898900940031,High,0.99932194
642,0.5635846855469909,High,0.99024194
643,0.532486494903733,Medium,0.9978237
644,0.4772652326771874,Medium,0.9969805
645,0.4960143613362862,Medium,0.9988864
646,0.5932835091820913,High,0.9996388
647,0.5179923298913454,Medium,0.99898094
648,0.4945472146109023,Medium,0.9988784
649,0.4938926631170098,Medium,0.9990374
650,0.6207210639891211,High,0.9997675
651,0.5202459552401081,Medium,0.9992453
652,0.5421705815781231,Medium,0.9965082
653,0.5916537520138997,High,0.9986106
654,0.5521429487737302,Medium,0.9684256
655,0.4195504450216731,Low,0.999183
656,0.4558930546713365,Medium,0.7683454
657,0.5342288307505162,Medium,0.9959953
658,0.2472432165111286,Low,0.99975616
659,0.2161166456214958,Low,0.9997435
660,0.1999876834569655,Low,0.99973863
661,0.3450264954279763,Low,0.9997142
662,0.341033131508866,Low,0.99966383
663,0.4133382091161131,Low,0.9993979
664,0.4204905729457562,Low,0.99913675
665,0.4423690844969756,Low,0.9723136
666,0.3051333122049826,Low,0.9997961
667,0.3894149685597027,Low,0.9996061
668,0.4352830589716373,Low,0.9975163
669,0.4356124205095506,Low,0.99743134
670,0.5895247598357685,High,0.9992563
671,0.3785586263428018,Low,0.9942035
672,0.5785435273802961,High,0.90802145
673,0.6863001262030524,High,0.99918216
674,0.6267913205473458,High,0.99906343
675,0.5920318636520863,High,0.99846566
676,0.465809386711894,Medium,0.8529121
677,0.5153992942349535,Medium,0.99927634
678,0.5597914126946206,High,0.98734957
679,0.6394187952284707,High,0.9994918
680,0.5569082393532216,High,0.91229516
681,0.5529896005433,High,0.8832264
682,0.5561092846572088,High,0.9422641
683,0.5142163148030693,Medium,0.999111
684,0.5834522668650091,High,0.99932027
685,0.6027379286777654,High,0.9927019
686,0.525363188972169,Medium,0.9983038
687,0.5789282094710527,High,0.9979803
688,0.566367326966986,High,0.99462175
689,0.5131926375000043,Medium,0.9992273
690,0.4708006789576532,Medium,0.99310815
691,0.5324958226796246,Medium,0.9978811
692,0.5206052006763566,Medium,0.99837744
693,0.5761036532362225,High,0.999652
694,0.627291035914938,High,0.99962986
695,0.6386253680341842,High,0.9996835
696,0.5667096602452305,High,0.9967777
697,0.5811640738055868,High,0.99918467
698,0.5079262737083033,Medium,0.9995146
699,0.520498207621485,Medium,0.998982
700,0.5034867535981968,Medium,0.99852055
701,0.5297965279875373,Medium,0.9982663
702,0.4570225636371064,Medium,0.90441114
703,0.4941574405224478,Medium,0.9981887
704,0.5120537968475442,Medium,0.9964844
705,0.192044774537608,Low,0.9997385
706,0.2314568772633118,Low,0.9997861
707,0.1834763397773439,Low,0.9997836
708,0.3163188162170162,Low,0.9998122
709,0.2631477953438683,Low,0.99979204
710,0.3152341770310612,Low,0.99974567
711,0.3653826947043554,Low,0.99952555
712,0.457930396762649,Medium,0.5842557
713,0.4012418743950897,Low,0.9994646
714,0.4290023462089629,Low,0.99851424
715,0.4661415104847718,Medium,0.9710056
716,0.4879547418472155,Medium,0.99864084
717,0.4809569770715184,Medium,0.99879456
718,0.5829873796226854,High,0.99942493
719,0.6657144641448713,High,0.999027
720,0.5500215810931154,Medium,0.99590176
721,0.6245155310890512,High,0.9988859
722,0.5461840734661715,Medium,0.9914231
723,0.5034206285862179,Medium,0.9991604
724,0.5727995151346411,High,0.9846868
725,0.5148697857246769,Medium,0.9979069
726,0.5959824418561476,High,0.9984633
727,0.6372673364424711,High,0.9998234
728,0.6058229980581322,High,0.99963355
729,0.4878381061717869,Medium,0.9984353
730,0.519662242645773,Medium,0.999188
731,0.5687866053370458,High,0.98850274
732,0.5391082139640392,Medium,0.99751186
733,0.6582495516793444,High,0.99966836
734,0.5367074978858911,Medium,0.9982565
735,0.5306374433140467,Medium,0.9989065
736,0.5285251585052215,Medium,0.9981987
737,0.5407495723506169,Medium,0.99518543
738,0.5463975784981738,Medium,0.97112477
739,0.5385480943361954,Medium,0.9974878
740,0.548213212745482,Medium,0.9321723
741,0.5686572970847905,High,0.9978175
742,0.5707552481786504,High,0.9938897
743,0.5115509270368506,Medium,0.999411
744,0.5321040776894338,Medium,0.9985215
745,0.5207949165244111,Medium,0.99877375
746,0.4534014399931177,Low,0.8866833
747,0.4517960292870849,Low,0.98253065
748,0.460395487731991,Medium,0.9378276
749,0.4557953928387845,Low,0.96038216
750,0.5287260971646609,Medium,0.9984578
751,0.4848852570468722,Medium,0.99503607
752,0.3388533811538403,Low,0.9997702
753,0.3383169445126596,Low,0.9997124
754,0.2655865556939421,Low,0.9998055
755,0.2163265263043084,Low,0.9998179
756,0.2677530176185465,Low,0.99980146
757,0.2958004578362782,Low,0.9997713
758,0.2636013675758796,Low,0.99980253
759,0.3336807756983844,Low,0.9997373
760,0.3825098664813821,Low,0.9994192
761,0.4413308598742673,Low,0.9908564
762,0.4138567327538859,Low,0.999191
763,0.4182434942282446,Low,0.9995641
764,0.4902550425101967,Medium,0.9982157
765,0.4121897618360618,Low,0.9993849
766,0.5447981805179867,Medium,0.99701
767,0.5018679399171294,Medium,0.99748105
768,0.5755404029107829,High,0.9977325
769,0.5630694576108776,High,0.9868477
770,0.4731669252774506,Medium,0.98975825
771,0.5608941201479736,High,0.997138
772,0.5287042155524365,Medium,0.99826837
773,0.5565779751437655,High,0.88586247
774,0.6226994419009019,High,0.9997378
775,0.631631897718927,High,0.9998118
776,0.6413462869044841,High,0.9997489
777,0.574424815892758,High,0.9989876
778,0.5752464812356607,High,0.9993476
779,0.5292199262315956,Medium,0.99916697
780,0.5490760421868199,Medium,0.9890097
781,0.4600739855289968,Medium,0.905009
782,0.5786485712751894,High,0.9993543
783,0.5845631162371687,High,0.9985644
784,0.648870974876217,High,0.9997454
785,0.579311022671473,High,0.9994392
786,0.5682542346274531,High,0.99609417
787,0.517868174458577,Medium,0.9986645
788,0.5106999628113601,Medium,0.9989919
789,0.51050329039217,Medium,0.99912494
790,0.5151513707211202,Medium,0.9991534
791,0.5150286124869679,Medium,0.99899596
792,0.4559671171550566,Low,0.9727288
793,0.5015661654432125,Medium,0.9950336
794,0.4918922305983642,Medium,0.9986363
795,0.3701597488895049,Low,0.9977449
796,0.2499977337678955,Low,0.9992557
797,0.5183435074554344,Medium,0.99854916
798,0.4921978482635538,Medium,0.9957956
799,0.2416695213190665,Low,0.9998211
800,0.3020347225608052,Low,0.9997893
801,0.2554639816532198,Low,0.9998323
802,0.300327317742654,Low,0.99983895
803,0.3188393529084664,Low,0.9998348
804,0.3124185599496721,Low,0.999783
805,0.3558023122520689,Low,0.99947745
806,0.3849649640940155,Low,0.9995117
807,0.3753894895319405,Low,0.99936813
808,0.4889554558395459,Medium,0.9990095
809,0.4267878602274236,Low,0.99893445
810,0.380818034667777,Low,0.99941885
811,0.4401729960182451,Low,0.99370015
812,0.5515616392172249,Medium,0.8766142
813,0.5175210817918532,Medium,0.999321
814,0.5314703521483329,Medium,0.99758387
815,0.494121527951794,Medium,0.9985612
816,0.5160495299346215,Medium,0.9991941
817,0.5399094250177159,Medium,0.9824347
818,0.4923797145033313,Medium,0.9987256
819,0.5960134947236346,High,0.99959046
820,0.5694830220662925,High,0.997795
821,0.5882730210499965,High,0.99805886
822,0.6650630351048142,High,0.9994324
823,0.6099429445436348,High,0.99957484
824,0.5408112446984318,Medium,0.9939579
825,0.5296512721177711,Medium,0.99887043
826,0.4480900941623636,Low,0.947089
827,0.593827083246675,High,0.99837434
828,0.466369615392679,Medium,0.9984086
829,0.5569475384313473,High,0.97354895
830,0.5745708441736678,High,0.99914145
831,0.5886925970691538,High,0.9989371
832,0.6243698738360023,High,0.99959356
833,0.578948331083101,High,0.9982963
834,0.5817072139699543,High,0.9992774
835,0.543354996759985,Medium,0.98003435
836,0.5365826677969839,Medium,0.9968893
837,0.5160028438850525,Medium,0.9987513
838,0.4993148294836884,Medium,0.99850875
839,0.421063693681163,Low,0.999166
840,0.4582467671161056,Medium,0.91370505
841,0.4555773402154792,Low,0.9828371
842,0.4081669712655347,Low,0.99709487
843,0.4111733106307568,Low,0.9989858
844,0.4369975112196728,Low,0.997291
845,0.4553348516373063,Low,0.75099504
846,0.3288310769436574,Low,0.99978906
847,0.3561697192500993,Low,0.9997105
848,0.3383376250530065,Low,0.9997756
849,0.215500760436917,Low,0.99983
850,0.2890200762632163,Low,0.9998379
851,0.4044532577789557,Low,0.9995271
852,0.3793363063118307,Low,0.99948967
853,0.2750437726091753,Low,0.9998235
854,0.2139448701816149,Low,0.9997564
855,0.5234943192509349,Medium,0.99909675
856,0.4182159858472246,Low,0.9990721
857,0.4036316516585305,Low,0.9993414
858,0.4155648135570742,Low,0.99929404
859,0.5542452182431997,Medium,0.5017026
860,0.5067958815608452,Medium,0.99656975
861,0.5219316837400033,Medium,0.998541
862,0.4815516296763552,Medium,0.99861336
863,0.4726302352569691,Medium,0.99663925
864,0.6485719149853025,High,0.99981683
865,0.5544980659136145,High,0.881505
866,0.5556227750713479,High,0.9936686
867,0.604549150854057,High,0.9995609
868,0.602168601356094,High,0.99969995
869,0.5318580541157929,Medium,0.99584997
870,0.6149557505654452,High,0.99971825
871,0.5666187855111423,High,0.99768054
872,0.5602218063100891,High,0.9936977
873,0.5503574094220424,Medium,0.9624001
874,0.5774020377809413,High,0.99899834
875,0.5822532159325782,High,0.9987783
876,0.5625778833676605,High,0.99679923
877,0.5703781141585981,High,0.9984068
878,0.5596466481598251,High,0.9498915
879,0.5988073841667783,High,0.9994542
880,0.5603366501909876,High,0.9762306
881,0.5492330458830403,Medium,0.90761864
882,0.5533359908536367,High,0.9453266
883,0.5645688268727098,High,0.9982141
884,0.5720606684806362,High,0.9990784
885,0.5376859730768915,Medium,0.99689305
886,0.5183224378263415,Medium,0.99895823
887,0.4893084803776953,Medium,0.9985649
888,0.5281251669448427,Medium,0.9949693
889,0.4701535740017686,Medium,0.9904389
890,0.3972119241115421,Low,0.99636096
891,0.4095177220242098,Low,0.9989806
892,0.4267115030479462,Low,0.9989266
893,0.2805492664127199,Low,0.9998273
894,0.1808443780200285,Low,0.9998276
895,0.225932329613694,Low,0.999835
896,0.2404726890391311,Low,0.9998202
897,0.390792210176507,Low,0.99959093
898,0.3800979747771351,Low,0.9994814
899,0.0964707679856328,Low,0.9997446
900,0.3968410632842591,Low,0.9993129
901,0.2086697766698919,Low,0.9997613
902,0.4623784565959848,Medium,0.9673035
903,0.4641704981171071,Medium,0.97652197
904,0.4888076459200904,Medium,0.9971451
905,0.4741363215446622,Medium,0.996289
906,0.4560421510578216,Low,0.76689655
907,0.4402083589977131,Low,0.99750394
908,0.4461284676794111,Low,0.98405784
909,0.4545572364991909,Low,0.64908093
910,0.4626296544072408,Medium,0.9516235
911,0.482130780552266,Medium,0.9988275
912,0.4728424706154445,Medium,0.98936355
913,0.5656073691967397,High,0.99836093
914,0.555483269266373,High,0.8903534
915,0.5506239739099962,Medium,0.83390504
916,0.5598855707402027,High,0.99614894
917,0.5661925077155038,High,0.9973865
918,0.5881786646849357,High,0.99948573
919,0.5611631760099478,High,0.99792176
920,0.5742575244442621,High,0.99921036
921,0.5636234343011081,High,0.9931178
922,0.5796793776046819,High,0.9995016
923,0.5839844913967617,High,0.99864775
924,0.6466777952584789,High,0.9996086
925,0.6079672780570385,High,0.99949026
926,0.6832044908145969,High,0.9998253
927,0.8099786073683525,High,0.99979573
928,0.6064361985455762,High,0.99870884
929,0.5532849589543323,High,0.9086047
930,0.6132447855300848,High,0.99937975
931,0.6116878304273445,High,0.9995442
932,0.6017764963362188,High,0.9992131
933,0.5242533309190172,Medium,0.9988721
934,0.510942288731953,Medium,0.99940014
935,0.5727212874959353,High,0.9986525
936,0.4752046952197781,Medium,0.99575704
937,0.4891265223984158,Medium,0.9987596
938,0.3108805082364452,Low,0.9997733
939,0.4395653749842093,Low,0.998314
940,0.2347031466556311,Low,0.99980265
941,0.3837321139146259,Low,0.99963355
942,0.2423525926438452,Low,0.9998288
943,0.2633743725770949,Low,0.9998134
944,0.4124291452940378,Low,0.9993937
945,0.4294357030151397,Low,0.9983999
946,0.2218802089866957,Low,0.99973124
947,0.2690022566071204,Low,0.99974316
948,0.2548367593805961,Low,0.9997503
949,0.4238252917726322,Low,0.99771523
950,0.4445273472495329,Low,0.99827814
951,0.4773841568585143,Medium,0.9983742
952,0.5529001655739656,Medium,0.6596454
953,0.5260146765960932,Medium,0.9991548
954,0.5494481905177409,Medium,0.9901079
955,0.5180227273010803,Medium,0.9989785
956,0.4296997470695236,Low,0.99748373
957,0.4719294631417934,Medium,0.9955102
958,0.4835850049833654,Medium,0.99603194
959,0.5260807749221068,Medium,0.9992798
960,0.5978669270455457,High,0.9995962
961,0.5188321045970723,Medium,0.9992854
962,0.6042266910709359,High,0.99967813
963,0.6592954112483148,High,0.9996996
964,0.6750870726020622,High,0.9997954
965,0.6437561173575346,High,0.99975604
966,0.5731656072654306,High,0.99762255
967,0.5720712886906334,High,0.9993604
968,0.6317786694343945,High,0.99975234
969,0.5927156453598098,High,0.99961144
970,0.6059976706644294,High,0.999382
971,0.5530801941067476,High,0.89992446
972,0.5873558536644858,High,0.9996574
973,0.628432963359132,High,0.9995697
974,0.7175354426205763,High,0.9997634
975,0.5636567984596242,High,0.99664235
976,0.5455249291768214,Medium,0.9157121
977,0.6418642470569415,High,0.99963665
978,0.5604342780283831,High,0.9890842
979,0.5670930732881271,High,0.9953869
980,0.53112303738705,Medium,0.9985758
981,0.610655149255279,High,0.9997131
982,0.7501390258717809,High,0.9998677
983,0.625525678249499,High,0.99965703
984,0.5259123769542134,Medium,0.9987857
985,0.5043855760228159,Medium,0.9986345
986,0.4439259054811227,Low,0.9832592
987,0.31855874554138,Low,0.9996697
988,0.4181406118643581,Low,0.99923706
989,0.2316574483468401,Low,0.99981946
990,0.3704641252367683,Low,0.9994723
991,0.4443509952576177,Low,0.9596764
992,0.5114963748165903,Medium,0.9990402
993,0.5082726474243838,Medium,0.9988164
994,0.3160942662353062,Low,0.9997385
995,0.2714224237541845,Low,0.9997595
996,0.4613900333741701,Medium,0.8741843
997,0.3802440314730843,Low,0.9991967
998,0.4612347462285309,Medium,0.8441369
999,0.4295657435654983,Low,0.9975955
1000,0.5094391155948448,Medium,0.9988381
1001,0.6239717435165884,High,0.9994791
1002,0.6201970900322973,High,0.99976
1003,0.4340382689478038,Low,0.9972064
1004,0.5606967144426055,High,0.9905069
1005,0.4606866839548764,Medium,0.90016896
1006,0.5655296233741637,High,0.99501675
1007,0.5515106037129585,Medium,0.9417131
1008,0.5638483092374277,High,0.9989588
1009,0.6223192140130782,High,0.9997409
1010,0.5851307886545356,High,0.99799037
1011,0.5957921159985173,High,0.99881136
1012,0.5897319593009419,High,0.998013
1013,0.5778290724051581,High,0.9986737
1014,0.6012928547832959,High,0.9994399
1015,0.6292992452740233,High,0.9998529
1016,0.5786739269329433,High,0.9991366
1017,0.6263332581151407,High,0.99972814
1018,0.5686061108511039,High,0.9993643
1019,0.5724131976844403,High,0.9994735
1020,0.5635267798410686,High,0.99508446
1021,0.6110531041175223,High,0.9995363
1022,0.5488819022739772,Medium,0.9547104
1023,0.5473279097215114,Medium,0.96180505
1024,0.5612631248577543,High,0.99620616
1025,0.5707818487865047,High,0.9979171
1026,0.560265153159409,High,0.98589814
1027,0.5291879559695792,Medium,0.9988938
1028,0.5695516765575942,High,0.9987827
1029,0.559254039316306,High,0.9954426
1030,0.4577386616622956,Medium,0.90481955
1031,0.5763391398819402,High,0.997867
1032,0.5708129504880141,High,0.9981585
1033,0.5118179705033759,Medium,0.998995
1034,0.3648257408986373,Low,0.9996532
1035,0.4700305013785628,Medium,0.9695518
1036,0.4996792818804501,Medium,0.9980842
1037,0.4093384663387617,Low,0.9993451
1038,0.3460870511448447,Low,0.9997433
1039,0.4699853796717975,Medium,0.96057695
1040,0.510262099209842,Medium,0.9991775
1041,0.4064849298955671,Low,0.9990779
1042,0.2810381126695608,Low,0.99975365
1043,0.4591411002181172,Medium,0.72263545
1044,0.2803930556516301,Low,0.99972314
1045,0.2920566318717519,Low,0.9997272
1046,0.4054582625725881,Low,0.9992567
1047,0.4991075891325155,Medium,0.99764436
1048,0.5631278575738968,High,0.9970963
1049,0.5561489714827321,High,0.9685572
1050,0.588108262046124,High,0.9994567
1051,0.612496677502428,High,0.9996563
1052,0.6362468833548028,High,0.9998423
1053,0.5642158403224705,High,0.9324456
1054,0.5659195186497525,High,0.99813926
1055,0.5554822462326151,High,0.98758394
1056,0.651251276084992,High,0.99982077
1057,0.5705925238839679,High,0.9987897
1058,0.5543598775654092,High,0.9650558
1059,0.6824062408993106,High,0.999783
1060,0.5984270210971352,High,0.9990976
1061,0.5777195853702192,High,0.9990958
1062,0.5876690487039725,High,0.9997125
1063,0.5745436149792427,High,0.99920017
1064,0.6182801879679979,High,0.9997633
1065,0.6146080574224483,High,0.99976045
1066,0.5868162605579089,High,0.9994929
1067,0.5724454609791398,High,0.99853706
1068,0.6440971917645284,High,0.9998332
1069,0.5025345041988122,Medium,0.99620724
1070,0.5723768463406788,High,0.99913317
1071,0.5556384426427788,High,0.8515977
1072,0.5991210985325014,High,0.99943954
1073,0.57327329228668,High,0.999426
1074,0.5769260009961136,High,0.9982065
1075,0.6059015270008304,High,0.99949646
1076,0.595101337961283,High,0.99958295
1077,0.5688483477851966,High,0.9991898
1078,0.3941145394198524,Low,0.99908984
1079,0.5007690370188876,Medium,0.99889034
1080,0.4907681707474443,Medium,0.9982352
1081,0.4146970354253564,Low,0.99929535
1082,0.3536334719530702,Low,0.9996538
1083,0.3123669756721587,Low,0.99972445
1084,0.4306984403493206,Low,0.9971596
1085,0.3955027617374053,Low,0.9993567
1086,0.4546049875319255,Low,0.91940266
1087,0.4925202342965066,Medium,0.9985714
1088,0.4914267808830326,Medium,0.9979512
1089,0.3494997388437247,Low,0.99961144
1090,0.378158592076992,Low,0.9993974
1091,0.346100443510546,Low,0.9997582
1092,0.4345676668222869,Low,0.99819714
1093,0.5089601374938217,Medium,0.99905974
1094,0.5006285767931623,Medium,0.9990578
1095,0.4902124611121843,Medium,0.99896085
1096,0.5228067500979009,Medium,0.99920803
1097,0.5393772898546486,Medium,0.998279
1098,0.5984339415628503,High,0.9996362
1099,0.4644296111074655,Medium,0.98537886
1100,0.2163775036274126,Low,0.99969494
1101,0.606553374500405,High,0.9991098
1102,0.5859350267816443,High,0.9994117
1103,0.6038497736798815,High,0.99947006
1104,0.561018635053288,High,0.99502087
1105,0.5677445576998785,High,0.9994784
1106,0.602194811966632,High,0.99971825
1107,0.5726715906861458,High,0.99937785
1108,0.5676975680886185,High,0.99860066
1109,0.6006597743460472,High,0.99944764
1110,0.5738500324279502,High,0.9991204
1111,0.5890987178324985,High,0.9996408
1112,0.583141541184912,High,0.9993382
1113,0.5444644706588613,Medium,0.99459475
1114,0.5775762576517836,High,0.99829155
1115,0.6052469527545407,High,0.99964356
1116,0.5417780558262746,Medium,0.9899093
1117,0.5854469504044224,High,0.999046
1118,0.5087013174589129,Medium,0.99883264
1119,0.5843898574432399,High,0.99806684
1120,0.5554498653228319,High,0.98713464
1121,0.5907982766098951,High,0.9973368
1122,0.5441346410226854,Medium,0.9957195
1123,0.5434515495673669,Medium,0.9897368
1124,0.553539161044897,High,0.9493171
1125,0.5005163298176938,Medium,0.9986639
1126,0.4880174974005471,Medium,0.9983479
1127,0.2995368287444913,Low,0.9997466
1128,0.3459272289754757,Low,0.99967694
1129,0.1828163919708469,Low,0.9997489
1130,0.2440578949331665,Low,0.9997961
1131,0.3670313202675885,Low,0.9996239
1132,0.3490266340109957,Low,0.99972636
1133,0.5282519517219115,Medium,0.9987728
1134,0.4664079693109739,Medium,0.9648309
1135,0.47288642154852,Medium,0.9919858
1136,0.5441347813496747,Medium,0.983386
1137,0.4301549529130408,Low,0.9981787
1138,0.3429955547756008,Low,0.99971646
1139,0.4078984698095979,Low,0.99923694
1140,0.4301369565855522,Low,0.99799013
1141,0.4630702445074981,Medium,0.96316904
1142,0.5475982965324868,Medium,0.98490137
1143,0.548155628502221,Medium,0.9597666
1144,0.5177447433435997,Medium,0.99923897
1145,0.540254668072468,Medium,0.9952199
1146,0.6074540797919142,High,0.9867073
1147,0.6329387232612609,High,0.99977416
1148,0.5952050138462258,High,0.999516
1149,0.57424667036013,High,0.9985965
1150,0.5568425612422472,High,0.98248416
1151,0.558380517407798,High,0.98758763
1152,0.5623920343840879,High,0.99778724
1153,0.536246867941813,Medium,0.99543697
1154,0.5712265693909597,High,0.9990515
1155,0.6109618691177002,High,0.9997008
1156,0.6048606596573859,High,0.9996933
1157,0.5874757532990351,High,0.9991339
1158,0.5654131451899985,High,0.9986085
1159,0.5851845555092724,High,0.9994467
1160,0.5633715508681149,High,0.99839693
1161,0.532803694834753,Medium,0.99849415
1162,0.5981867567897401,High,0.9974195
1163,0.561778890151345,High,0.98267615
1164,0.5533950019015987,High,0.96320075
1165,0.581557901892202,High,0.98705405
1166,0.6159009688267808,High,0.99961615
1167,0.5698830476867586,High,0.9949961
1168,0.544164849612758,Medium,0.9871831
1169,0.5044095049620096,Medium,0.9974027
1170,0.4955427988986106,Medium,0.99731666
1171,0.5443734849263852,Medium,0.79220027
1172,0.5017455152882766,Medium,0.99779797
1173,0.2983593337826499,Low,0.99975795
1174,0.356497212314953,Low,0.9995981
1175,0.3912153224239077,Low,0.99963975
1176,0.29972715644184,Low,0.99983084
1177,0.4222920848704573,Low,0.9993467
1178,0.3833498313508426,Low,0.9996474
1179,0.3506314341125995,Low,0.9996747
1180,0.4445595553618164,Low,0.992679
1181,0.3991035081233098,Low,0.99957246
1182,0.4205006538510012,Low,0.9992286
1183,0.4460623617017217,Low,0.99220663
1184,0.3609067152422286,Low,0.99977
1185,0.3734626802819243,Low,0.99970454
1186,0.328850290205613,Low,0.9997633
1187,0.5533041631677038,High,0.9962419
1188,0.6186245604180346,High,0.9958924
1189,0.5260305211984327,Medium,0.9986759
1190,0.5342742693037978,Medium,0.9977431
1191,0.5537589369109316,High,0.9640992
1192,0.54189103965829,Medium,0.99575186
1193,0.5588732949196824,High,0.9943938
1194,0.5458616225065748,Medium,0.99141943
1195,0.5673125538575139,High,0.99823344
1196,0.5510195970111689,Medium,0.96508247
1197,0.5395614049090386,Medium,0.9968323
1198,0.5670342358877312,High,0.99724185
1199,0.5619539659397698,High,0.99478155
1200,0.580830959351719,High,0.9994468
1201,0.57046128416978,High,0.99927145
1202,0.5799561027892953,High,0.9988721
1203,0.5765697288634251,High,0.9995907
1204,0.616962798766439,High,0.99971217
1205,0.5751980764885731,High,0.9974306
1206,0.6343843777958235,High,0.99971753
1207,0.5803456754950802,High,0.9993381
1208,0.529029226069364,Medium,0.9988381
1209,0.5997349053115986,High,0.9962846
1210,0.4883404278373258,Medium,0.9977204
1211,0.5440372753749538,Medium,0.9687099
1212,0.5850050286515447,High,0.99949205
1213,0.55988777651044,High,0.9975715
1214,0.5843683424579237,High,0.9994199
1215,0.4991025997122485,Medium,0.99899775
1216,0.4663820216720219,Medium,0.9645242
1217,0.5274055424168521,Medium,0.9970969
1218,0.5824170127466494,High,0.9984363
1219,0.5270757559994242,Medium,0.9986314
1220,0.4649381829674999,Medium,0.83336073
1221,0.4480534994697106,Low,0.98322797
1222,0.3815313907379948,Low,0.9995839
1223,0.3741938104389994,Low,0.9995018
1224,0.3844626101014952,Low,0.9996039
1225,0.4147270982929379,Low,0.9992587
1226,0.3797052832787438,Low,0.99891734
1227,0.2573581394664874,Low,0.99974006
1228,0.3909572197461937,Low,0.9994111
1229,0.50352207122182,Medium,0.99755967
1230,0.44203206616052,Low,0.9876753
1231,0.3955088238646175,Low,0.9993261
1232,0.4764381243665452,Medium,0.99721175
1233,0.288242053584578,Low,0.9997981
1234,0.5234348504514634,Medium,0.99853265
1235,0.550861796381717,Medium,0.7418704
1236,0.571227628503034,High,0.99893147
1237,0.5973176922367717,High,0.9994948
1238,0.5724485483613267,High,0.99858886
1239,0.5559902553610805,High,0.9766035
1240,0.563004894215957,High,0.9980464
1241,0.5547795853433476,High,0.9602991
1242,0.5519005666450871,Medium,0.8641051
1243,0.5563802267710186,High,0.9300735
1244,0.5670694406334504,High,0.9972537
1245,0.5995644870093958,High,0.99940825
1246,0.5702007866623691,High,0.9988865
1247,0.552289552353397,Medium,0.715288
1248,0.5991458479513229,High,0.99946016
1249,0.6094053032495526,High,0.998089
1250,0.6847195419788963,High,0.9992366
1251,0.6313847277349832,High,0.9955214
1252,0.566219709555375,High,0.9985366
1253,0.6208253577088801,High,0.9996039
1254,0.5602304293409778,High,0.97019213
1255,0.4922234710637597,Medium,0.9959025
1256,0.4733078737416606,Medium,0.9923344
1257,0.5150524907530243,Medium,0.9959084
1258,0.5024927442144271,Medium,0.9982551
1259,0.5643306279237901,High,0.9963486
1260,0.5717750312672686,High,0.99836856
1261,0.7410061586775025,High,0.9996371
1262,0.9077779987633816,High,0.9994548
1263,0.4847582200807353,Medium,0.99917585
1264,0.5733601834479313,High,0.99905497
1265,0.4885887580369173,Medium,0.99758804
1266,0.5315196910272709,Medium,0.9985605
1267,0.4710161512556188,Medium,0.9911767
1268,0.4478466712652572,Low,0.99681073
1269,0.3591213484738098,Low,0.9995821
1270,0.3907156257916958,Low,0.9996061
1271,0.4444402999256056,Low,0.9966724
1272,0.4738423902102395,Medium,0.9827635
1273,0.4016702421584117,Low,0.9993432
1274,0.4633485533310817,Medium,0.98384285
1275,0.3213378420963423,Low,0.9997477
1276,0.4634329968357449,Medium,0.9626279
1277,0.3357303737678062,Low,0.99977905
1278,0.3339219253478473,Low,0.99973804
1279,0.4722638465573064,Medium,0.9911771
1280,0.5062328341866267,Medium,0.9978947
1281,0.5556625366553929,High,0.9650181
1282,0.548394753063547,Medium,0.93693084
1283,0.548367487248662,Medium,0.97438973
1284,0.5548536450912668,High,0.90967864
1285,0.5672718831051198,High,0.99495184
1286,0.5739475857017724,High,0.9994611
1287,0.544801352834073,Medium,0.9841738
1288,0.5293036864906783,Medium,0.9989728
1289,0.5626816918535056,High,0.98882455
1290,0.5727060475732423,High,0.99752563
1291,0.5741728571687338,High,0.998064
1292,0.5755570891013925,High,0.998835
1293,0.5710891239389231,High,0.9988456
1294,0.5767253186725817,High,0.9990433
1295,0.5783810632843427,High,0.9986526
1296,0.5904563783985328,High,0.99847704
1297,0.6745902331363525,High,0.99866045
1298,0.5596429371620975,High,0.9864841
1299,0.5740313510499189,High,0.9979366
1300,0.5912841882784157,High,0.99889404
1301,0.5583915896834513,High,0.9772879
1302,0.5658239026487784,High,0.9974068
1303,0.5775276491258625,High,0.9996817
1304,0.5783637896402857,High,0.9986933
1305,0.6321624632300649,High,0.998611
1306,0.6042531090222555,High,0.99369884
1307,0.6017914629380186,High,0.99969614
1308,0.6669100148813205,High,0.9998473
1309,0.8010664471795594,High,0.9997936
1310,0.490356675710013,Medium,0.99834824
1311,0.5945751995179069,High,0.9995844
1312,0.536672175496974,Medium,0.99595946
1313,0.6111742532605141,High,0.99970275
1314,0.5543814162433662,High,0.8712364
1315,0.5184701323899911,Medium,0.99912614
1316,0.2274113975212875,Low,0.99981445
1317,0.3296526892621432,Low,0.99979955
1318,0.4881407877907865,Medium,0.9980191
1319,0.3462859185086269,Low,0.9995447
1320,0.3353692570284937,Low,0.9997881
1321,0.3789175912284527,Low,0.99938476
1322,0.3144428602191174,Low,0.9997117
1323,0.3319663009244237,Low,0.99966645
1324,0.4271758491845454,Low,0.9982474
1325,0.3545664609214591,Low,0.9994443
1326,0.429810108494322,Low,0.9979498
1327,0.4341681685690222,Low,0.9988863
1328,0.4648159509213486,Medium,0.9954685
1329,0.543178187390772,Medium,0.9315639
1330,0.5597157256534392,High,0.9831245
1331,0.5739376011811816,High,0.9992514
1332,0.6735307821498369,High,0.9998248
1333,0.571775132338993,High,0.9987789
1334,0.5411868181443664,Medium,0.9952493
1335,0.5636583611982625,High,0.99692094
1336,0.5521443705399129,Medium,0.9070675
1337,0.5656542069145187,High,0.99639064
1338,0.5687925480987428,High,0.99917006
1339,0.6073050159899197,High,0.999747
1340,0.5534123804151635,High,0.93699425
1341,0.5661968275345113,High,0.99886715
1342,0.5814915261185492,High,0.9996804
1343,0.526708700678951,Medium,0.99890053
1344,0.5558046040698559,High,0.9826471
1345,0.5509181642465676,Medium,0.9129057
1346,0.5557818485868121,High,0.9404577
1347,0.5822118036982219,High,0.9988741
1348,0.5558286342601086,High,0.9777518
1349,0.5923834423685542,High,0.9996531
1350,0.5849956269675315,High,0.99935967
1351,0.583766282453984,High,0.9995722
1352,0.7005486442018114,High,0.9985208
1353,0.7208842683678965,High,0.9993999
1354,0.5434036694428552,Medium,0.99330443
1355,0.5559837378034521,High,0.9699028
1356,0.5008483920063185,Medium,0.9981188
1357,0.5701097049666117,High,0.99747473
1358,0.5583367531991836,High,0.9904536
1359,0.5318484190314803,Medium,0.9989355
1360,0.5465306341485063,Medium,0.94468284
1361,0.4972768209510531,Medium,0.99748117
1362,0.5653364122030298,High,0.9978667
1363,0.4392451229068887,Low,0.989874
1364,0.420478179818994,Low,0.9993518
1365,0.4160788630000291,Low,0.9996136
1366,0.2850288494901296,Low,0.9998109
1367,0.0801877945436518,Low,0.9989868
1368,0.1395769230570172,Low,0.9997371
1369,0.0831842008296456,Low,0.9997228
1370,0.4319764857522146,Low,0.9976907
1371,0.4690009391102146,Medium,0.9922776
1372,0.3451811031655857,Low,0.9995709
1373,0.4375089190655856,Low,0.9940707
1374,0.4369781178053177,Low,0.99855584
1375,0.4743720137263574,Medium,0.9949385
1376,0.4827908815700454,Medium,0.99760664
1377,0.424531668838211,Low,0.9964646
1378,0.549313722266723,Medium,0.88329273
1379,0.6056921126174629,High,0.99938095
1380,0.6075831315519741,High,0.9994562
1381,0.5644640422608558,High,0.9987841
1382,0.5393543243519424,Medium,0.99488187
1383,0.5453000564618502,Medium,0.98146826
1384,0.5625174214194401,High,0.9982407
1385,0.5633164868095584,High,0.997757
1386,0.5900924194468372,High,0.99952173
1387,0.556936963828946,High,0.9825398
1388,0.5607791781661032,High,0.9966904
1389,0.5721354839579466,High,0.9990766
1390,0.562457541582488,High,0.99652535
1391,0.5569498418735527,High,0.9914792
1392,0.5307799843996104,Medium,0.99835974
1393,0.5484095311778262,Medium,0.9663481
1394,0.550637558838651,Medium,0.96139985
1395,0.5691645960578315,High,0.9989403
1396,0.6030503765677065,High,0.99903345
1397,0.5137014500423364,Medium,0.99913436
1398,0.5609537939840771,High,0.99640167
1399,0.5459745082354406,Medium,0.97066575
1400,0.5760213200543428,High,0.99911565
1401,0.5616292256543324,High,0.9934215
1402,0.5106940849173176,Medium,0.99859446
1403,0.4294620524951558,Low,0.99840134
1404,0.6349322215115452,High,0.9986848
1405,0.6130544213362049,High,0.999788
1406,0.5980331293043671,High,0.999469
1407,0.5718183310307465,High,0.9987626
1408,0.5195100629227255,Medium,0.9989587
1409,0.5733324697266617,High,0.99892515
1410,0.4499701277352047,Low,0.91273093
1411,0.4092039139323926,Low,0.9993261
1412,0.491066283961362,Medium,0.996678
1413,0.3936632009704371,Low,0.99969685
1414,0.9227072363738948,High,0.9990946
1415,0.5977826911502083,High,0.99714416
1416,0.1917981753792687,Low,0.9997937
1417,0.3102084713574616,Low,0.99974734
1418,0.3161739682316182,Low,0.9997205
1419,0.20068972362892,Low,0.9998399
1420,0.4175157191597067,Low,0.999297
1421,0.4561648571967548,Low,0.78767425
1422,0.4889997906714169,Medium,0.9978758
1423,0.4223840851860304,Low,0.9991172
1424,0.5324760969918003,Medium,0.9949679
1425,0.5231852801478681,Medium,0.99919623
1426,0.5809151464986008,High,0.9774341
1427,0.5972283494984818,High,0.9973495
1428,0.5677477655923887,High,0.9972562
1429,0.5843356223794629,High,0.99943286
1430,0.5683976224238381,High,0.99939525
1431,0.5624575328768466,High,0.9980124
1432,0.5568177832292179,High,0.9914055
1433,0.6084170218075072,High,0.99956053
1434,0.5605174357667865,High,0.9984074
1435,0.5788716203054636,High,0.9996711
1436,0.5710068107398316,High,0.99817896
1437,0.5839176043477802,High,0.99920326
1438,0.5566844988728393,High,0.9845904
1439,0.6079569778041259,High,0.99958116
1440,0.5608460815940265,High,0.9862132
1441,0.5516433113586244,Medium,0.6671333
1442,0.5689688371416851,High,0.99944204
1443,0.6342839186976953,High,0.9996705
1444,0.5870910040609266,High,0.9988187
1445,0.609753898488112,High,0.9992919
1446,0.5649678723098472,High,0.9964824
1447,0.6061210679923296,High,0.9992848
1448,0.5748685269134968,High,0.99941516
1449,0.543458023685969,Medium,0.9851038
1450,0.4540141390520867,Low,0.93410444
1451,0.5592173005466513,High,0.9921887
1452,0.6546943412859978,High,0.99970454
1453,0.6017181434444184,High,0.99882036
1454,0.6123230039221886,High,0.99964666
1455,0.5454897915523822,Medium,0.9874464
1456,0.5063148927743446,Medium,0.9989826
1457,0.337799369956166,Low,0.99946123
1458,0.3811105486571357,Low,0.9995067
1459,0.4413390687678526,Low,0.9972283
1460,0.4378251311755969,Low,0.9985245
1461,0.2839072430534335,Low,0.99980026
1462,0.26452654005637,Low,0.9997594
1463,0.2954245409456424,Low,0.99979466
1464,0.4474761064197669,Low,0.76491994
1465,0.4298787503235636,Low,0.9993704
1466,0.4073673429731954,Low,0.99959534
1467,0.3796646363874261,Low,0.99729866
1468,0.3781590170889052,Low,0.9995192
1469,0.4667138208900248,Medium,0.9874423
1470,0.4398771572795478,Low,0.99870265
1471,0.490247200881455,Medium,0.9966158
1472,0.466067128193541,Medium,0.96951354
1473,0.6464094919741584,High,0.9966625
1474,0.5572235443326068,High,0.98052776
1475,0.571608892984939,High,0.9927932
1476,0.5730812964747792,High,0.99914885
1477,0.561086879079816,High,0.99751246
1478,0.5486398356145077,Medium,0.95155424
1479,0.5630559209937025,High,0.99665916
1480,0.5712620130489993,High,0.99700254
1481,0.5789284421500066,High,0.9994221
1482,0.5759198089337553,High,0.9994074
1483,0.5755825383772083,High,0.9996222
1484,0.5544748191773928,High,0.96523273
1485,0.5468541386786884,Medium,0.9667906
1486,0.6084022204885504,High,0.99970585
1487,0.6162291390314069,High,0.9998134
1488,0.5723816083159508,High,0.9990689
1489,0.6003532014131157,High,0.9985551
1490,0.647980487984505,High,0.9993699
1491,0.6380260974566913,High,0.99985814
1492,0.5971365056583149,High,0.9981382
1493,0.5922454589687531,High,0.99971527
1494,0.5907345413803877,High,0.9997149
1495,0.547168430045678,Medium,0.98425126
1496,0.5549940841614738,High,0.96371657
1497,0.5613255504050187,High,0.9968746
1498,0.5103854530550749,Medium,0.99902594
1499,0.5180302278871637,Medium,0.99937755
1500,0.5554687052861044,High,0.8524279
1501,0.392822437450562,Low,0.99935573
1502,0.4853442615758859,Medium,0.99813795
1503,0.509361512222941,Medium,0.9978108
1504,0.5629930940276582,High,0.9415894
1505,0.5071449697376856,Medium,0.99732494
1506,0.4744887089534142,Medium,0.99114555
1507,0.3519371680961159,Low,0.99969745
1508,0.4633000942185563,Low,0.7795291
1509,0.2913938037484156,Low,0.99978346
1510,0.3797852209283154,Low,0.99964964
1511,0.5373991687627534,Medium,0.8937513
1512,0.5236337132939526,Medium,0.99493045
1513,0.4895361030026478,Medium,0.99586403
1514,0.2721505884600196,Low,0.9999013
1515,0.3247848615202583,Low,0.9998808
1516,0.4023186044874975,Low,0.9996371
1517,0.3536315323419405,Low,0.9996592
1518,0.4805399156975374,Medium,0.9968946
1519,0.5083827738318313,Medium,0.9989165
1520,0.4433239720710806,Low,0.99010986
1521,0.5362838107462488,Medium,0.99780613
1522,0.5084375472143173,Medium,0.99833137
1523,0.5596106557769132,High,0.998293
1524,0.6337963818132922,High,0.9996953
1525,0.5599265666215221,High,0.99908006
1526,0.577238053489503,High,0.99936384
1527,0.674653326030814,High,0.9998042
1528,0.6328060596804148,High,0.99983454
1529,0.6315726184447464,High,0.9996718
1530,0.694230409330879,High,0.9997862
1531,0.6251205223870553,High,0.9996947
1532,0.611921272920552,High,0.9997154
1533,0.6206334231867875,High,0.9996623
1534,0.5843184505245247,High,0.9995993
1535,0.5919823695489622,High,0.99966323
1536,0.6421104396704637,High,0.9997285
1537,0.7125357544952022,High,0.99979407
1538,0.6654264742353037,High,0.99982303
1539,0.5983029237847577,High,0.9988883
1540,0.6180396988511646,High,0.99922824
1541,0.6110148727659105,High,0.9992693
1542,0.616898564519228,High,0.9997049
1543,0.5824642039663664,High,0.99629706
1544,0.645004983389469,High,0.9997855
1545,0.6379229687706094,High,0.9997098
1546,0.5861807997684179,High,0.9953151
1547,0.6302500935438717,High,0.9997161
1548,0.5177217790016039,Medium,0.99842095
1549,0.4002100190115962,Low,0.99918
1550,0.4601929579708924,Medium,0.9480908
1551,0.563367945559717,High,0.92970777
1552,0.5342111555768992,Medium,0.5889071
1553,0.5209296603022998,Medium,0.99023193
1554,0.4464299913167685,Low,0.9617037
1555,0.5185531932777491,Medium,0.9960765
1556,0.3365799694175042,Low,0.9997377
1557,0.3417931226959724,Low,0.99978906
1558,0.348091304307651,Low,0.99958175
1559,0.3104423447956431,Low,0.9998098
1560,0.2457103734000076,Low,0.9997998
1561,0.2654797407600752,Low,0.99985945
1562,0.3807707299938725,Low,0.9978204
1563,0.4424419806406039,Low,0.9978434
1564,0.3691007615253434,Low,0.999527
1565,0.4869544103751327,Medium,0.9982126
1566,0.4311479782056762,Low,0.99755955
1567,0.5134085404055201,Medium,0.9988881
1568,0.5339533641807453,Medium,0.99767095
1569,0.5643640659664271,High,0.998338
1570,0.5842350032490605,High,0.99946755
1571,0.6268630085242219,High,0.9995869
1572,0.5566097530699712,High,0.99103934
1573,0.5869402747630985,High,0.9994343
1574,0.7570603129867343,High,0.9997961
1575,0.5627796476713934,High,0.99873394
1576,0.643551557551612,High,0.9996013
1577,0.7007490405912123,High,0.9994222
1578,0.6483239528925655,High,0.99907565
1579,0.6516323622590772,High,0.9998282
1580,0.5803888694575126,High,0.9987306
1581,0.6004325083092655,High,0.99952686
1582,0.563366699415107,High,0.99876523
1583,0.5699787063103274,High,0.9982332
1584,0.6054448357309831,High,0.9994153
1585,0.5347908246143073,Medium,0.9976689
1586,0.5844428000742853,High,0.9996282
1587,0.5970147725762053,High,0.99759406
1588,0.5700722797583947,High,0.99543744
1589,0.5852646323583303,High,0.99851793
1590,0.6043615783060732,High,0.9977678
1591,0.5870324804754938,High,0.99859375
1592,0.7187391946937995,High,0.9998229
1593,0.4907433182903185,Medium,0.99733704
1594,0.6144251350666138,High,0.9989931
1595,0.4636153062478829,Medium,0.97521824
1596,0.5707903144964608,High,0.99926776
1597,0.2789338897761704,Low,0.999882
1598,0.5156768196882519,Medium,0.99823713
1599,0.4781570589148545,Medium,0.99068063
1600,0.4439278558521277,Low,0.9489103
1601,0.5099710025807145,Medium,0.9966736
1602,0.4666004394424338,Medium,0.9906408
1603,0.4547985496323138,Low,0.9126255
1604,0.4200535806851357,Low,0.9995016
1605,0.437496646000055,Low,0.99275005
1606,0.4935888457306979,Medium,0.9983645
1607,0.441156452781508,Low,0.99566793
1608,0.4066382168979248,Low,0.99940646
1609,0.3834276421020708,Low,0.99932754
1610,0.4300786182732696,Low,0.9983803
1611,0.3725174219659042,Low,0.99941766
1612,0.3575924076062051,Low,0.9996815
1613,0.4037313576202531,Low,0.998769
1614,0.4595253785787277,Medium,0.93419814
1615,0.4801799936334771,Medium,0.9985619
1616,0.5296039858670828,Medium,0.99863833
1617,0.5536954079214313,High,0.8340445
1618,0.5361563424285188,Medium,0.9957985
1619,0.5653956589355653,High,0.9976926
1620,0.5537340307606441,High,0.9159496
1621,0.561240022692031,High,0.9962412
1622,0.5722897627197132,High,0.99912745
1623,0.5616268380194145,High,0.9977859
1624,0.5753159504015063,High,0.99916756
1625,0.5926013852599686,High,0.9989197
1626,0.5819011667527376,High,0.99878746
1627,0.5656638096571192,High,0.99583566
1628,0.568925781825453,High,0.9991773
1629,0.5813373877432226,High,0.9992342
1630,0.5537010507506201,High,0.9108201
1631,0.5663072561655967,High,0.9971854
1632,0.5891901902322061,High,0.99955744
1633,0.5865514733244153,High,0.9997124
1634,0.5472568404218497,Medium,0.9313642
1635,0.5501393049232652,Medium,0.6258776
1636,0.5210865643190178,Medium,0.9991843
1637,0.6268351560472888,High,0.99966955
1638,0.5641444373284177,High,0.99789435
1639,0.5932306251731111,High,0.9996741
1640,0.5396317030276218,Medium,0.9915701
1641,0.3402080663197913,Low,0.9997267
1642,0.4027056014392248,Low,0.9992156
1643,0.4497752262160526,Low,0.9810308
1644,0.4934745568932609,Medium,0.9987161
1645,0.365584083755062,Low,0.9995999
1646,0.4888108265909933,Medium,0.99689937
1647,0.5001165037114815,Medium,0.9978998
1648,0.452637125153332,Low,0.9326742
1649,0.4739508765128417,Medium,0.9955623
1650,0.410045649002782,Low,0.99942195
1651,0.4236509448103415,Low,0.9984975
1652,0.4028951238420941,Low,0.9994118
1653,0.467792384011562,Medium,0.9948726
1654,0.3244101671783552,Low,0.9997869
1655,0.3572873965036384,Low,0.9996871
1656,0.4553521911835411,Low,0.7828069
1657,0.4239557415732557,Low,0.99920875
1658,0.3945017356702948,Low,0.9994192
1659,0.3608775950545054,Low,0.99959785
1660,0.3784868926591501,Low,0.9991744
1661,0.3983363404217775,Low,0.99742043
1662,0.5102765998058864,Medium,0.9988404
1663,0.5426168320906934,Medium,0.9916127
1664,0.5578011723429285,High,0.992656
1665,0.5425766830853395,Medium,0.9836224
1666,0.5663137420498676,High,0.99829036
1667,0.5528152259692078,High,0.90079534
1668,0.5610573241389027,High,0.99366343
1669,0.5758073498361923,High,0.99876344
1670,0.6526318859436272,High,0.99986136
1671,0.5842306794584358,High,0.99928826
1672,0.6687088642630695,High,0.99964046
1673,0.5817059842688814,High,0.9939481
1674,0.6032907661570874,High,0.9997234
1675,0.6530582833393366,High,0.9997204
1676,0.643299143708696,High,0.99970406
1677,0.5778198373580757,High,0.98724335
1678,0.5742717375858545,High,0.9993783
1679,0.5783776910093114,High,0.999345
1680,0.5709411793948276,High,0.9991416
1681,0.6451762747697122,High,0.9998388
1682,0.5543889313585716,High,0.9037665
1683,0.5042030817630883,Medium,0.9989379
1684,0.539974344126704,Medium,0.99201584
1685,0.4997831501218519,Medium,0.9990339
1686,0.5038525488533488,Medium,0.99875724
1687,0.3476477406789611,Low,0.9995741
1688,0.3931855230200679,Low,0.9993672
1689,0.4849724733492506,Medium,0.9984975
1690,0.4214125174026321,Low,0.99863774
1691,0.484344261796019,Medium,0.9988267
1692,0.3482280688561885,Low,0.9996669
1693,0.4440698010029568,Low,0.9946496
1694,0.4715148368271334,Medium,0.9941022
1695,0.4530509066439723,Low,0.9543835
1696,0.3705103066924754,Low,0.9996469
1697,0.3191266217810108,Low,0.9998275
1698,0.5256381609364889,Medium,0.9988446
1699,0.4539499254465851,Low,0.8048031
1700,0.308459108829911,Low,0.9998037
1701,0.3586041152242332,Low,0.9997137
1702,0.3157241180534046,Low,0.99983203
1703,0.437982794086016,Low,0.99842596
1704,0.4344011411652888,Low,0.99888355
1705,0.3017237689937986,Low,0.99982244
1706,0.4384441570826545,Low,0.9952909
1707,0.4083253007216733,Low,0.9994973
1708,0.5152469527176098,Medium,0.9983523
1709,0.5256140439981452,Medium,0.9986577
1710,0.5108931995646631,Medium,0.9991258
1711,0.488921447314478,Medium,0.9976937
1712,0.5533554797163134,High,0.9876368
1713,0.5583444214239441,High,0.9957409
1714,0.562875138629385,High,0.99812263
1715,0.6257420454378553,High,0.9997465
1716,0.5918230683214075,High,0.9995005
1717,0.6528515834722427,High,0.99979204
1718,0.5901561590522829,High,0.9997415
1719,0.6518077348863318,High,0.9995122
1720,0.6161358525439482,High,0.99193406
1721,0.6134769041422772,High,0.9994624
1722,0.6112092642248824,High,0.99919766
1723,0.6911054227382837,High,0.99988365
1724,0.5863558494208748,High,0.99966526
1725,0.5865245973025658,High,0.9995252
1726,0.5618243490660765,High,0.9989237
1727,0.5554885658187811,High,0.9533329
1728,0.5919887521947087,High,0.99971145
1729,0.4586296811930918,Medium,0.8842181
1730,0.5255440579039896,Medium,0.9982236
1731,0.4863237640008342,Medium,0.9984749
1732,0.5322505165950678,Medium,0.99040234
1733,0.4882298735392511,Medium,0.99624383
1734,0.492791531115035,Medium,0.9968534
1735,0.3463851802621744,Low,0.9996774
1736,0.4055083305093132,Low,0.9990318
1737,0.508153886069604,Medium,0.9989254
1738,0.5075492600897451,Medium,0.9983529
1739,0.4985686510653624,Medium,0.99351704
1740,0.4701155187399104,Medium,0.9923608
1741,0.4988763785566364,Medium,0.993269
1742,0.4760517277863383,Medium,0.992276
1743,0.4548652164878474,Medium,0.6522409
1744,0.3887302685281019,Low,0.9995784
1745,0.4695399744769208,Medium,0.99247885
1746,0.3958511340938562,Low,0.99965453
1747,0.3832441231981804,Low,0.99969983
1748,0.4081022478462282,Low,0.999634
1749,0.4901480321377911,Medium,0.9981844
1750,0.4356978211032457,Low,0.9988192
1751,0.3434070512702752,Low,0.9997665
1752,0.3664220072578354,Low,0.99958843
1753,0.467019922658918,Medium,0.9918616
1754,0.3295124053034808,Low,0.9997937
1755,0.506876984692764,Medium,0.9988587
1756,0.5205655805681288,Medium,0.99913687
1757,0.5453762872932427,Medium,0.94807756
1758,0.5023879093125725,Medium,0.99898535
1759,0.4654748633482931,Medium,0.9886495
1760,0.5320065151747833,Medium,0.997279
1761,0.512098925750007,Medium,0.9991585
1762,0.6887072446044995,High,0.9998443
1763,0.5714971056011656,High,0.9950747
1764,0.548164369051652,Medium,0.889477
1765,0.542039105502214,Medium,0.9904005
1766,0.554231518829155,High,0.93392336
1767,0.5931819297777017,High,0.9995116
1768,0.5840143381849996,High,0.999519
1769,0.6018944015701336,High,0.9996331
1770,0.6031762232467123,High,0.9996141
1771,0.5711200326234476,High,0.9994091
1772,0.604216325260708,High,0.9994641
1773,0.5715525644674959,High,0.99937445
1774,0.5297163605302099,Medium,0.9973569
1775,0.4844291112099722,Medium,0.9974533
1776,0.4306629930111763,Low,0.99828655
1777,0.4735411580490677,Medium,0.99857414
1778,0.3779579380013788,Low,0.999701
1779,0.515968781840758,Medium,0.99747086
1780,0.5339503364648901,Medium,0.990105
1781,0.556181783885935,High,0.8515142
1782,0.6331475959863109,High,0.9997644
1783,0.5406011117274752,Medium,0.9950257
1784,0.6176013541510218,High,0.9998281
1785,0.5564262517800891,High,0.82701325
1786,0.443827976737161,Low,0.99402654
1787,0.4565569299264043,Medium,0.5680356
1788,0.455499860953703,Low,0.92105806
1789,0.4234396693835102,Low,0.99921775
1790,0.4630507504833533,Medium,0.9850559
1791,0.38852359119976,Low,0.9995307
1792,0.4598656392956113,Medium,0.8218347
1793,0.454611195829565,Low,0.91511846
1794,0.3282660022842688,Low,0.9997565
1795,0.3724465973408349,Low,0.99956924
1796,0.3801521194727069,Low,0.9994423
1797,0.3218066959068348,Low,0.999861
1798,0.1876232106550653,Low,0.9974866
1799,0.2585934596024833,Low,0.9998863
1800,0.2002970359398073,Low,0.99982196
1801,0.3807648510277344,Low,0.9995931
1802,0.541833699733484,Medium,0.99385697
1803,0.5334211571225521,Medium,0.9978637
1804,0.5368670037295636,Medium,0.99758613
1805,0.4653708144201486,Medium,0.9857328
1806,0.4081730465162651,Low,0.9992698
1807,0.5099682595817353,Medium,0.9955722
1808,0.5504962031903011,Medium,0.7548202
1809,0.5286450988079692,Medium,0.9983028
1810,0.6615819389022809,High,0.99979585
1811,0.7045049761470625,High,0.99985385
1812,0.7029298171525872,High,0.99985766
1813,0.5274911254443585,Medium,0.99872214
1814,0.6031343843853958,High,0.9992237
1815,0.5688040620816853,High,0.99648356
1816,0.5425749741113494,Medium,0.9883271
1817,0.6324037758622311,High,0.9997943
1818,0.6567418552024185,High,0.999788
1819,0.5329053355834279,Medium,0.99814296
1820,0.4971709022730689,Medium,0.9986124
1821,0.5335489958671983,Medium,0.9986259
1822,0.4494990362883279,Low,0.98271644
1823,0.4942202537933076,Medium,0.9984862
1824,0.5085511613304661,Medium,0.99867815
1825,0.5126145265024513,Medium,0.99851865
1826,0.5390930435066662,Medium,0.9538862
1827,0.5021597542226514,Medium,0.99779606
1828,0.5253121069827456,Medium,0.9972727
1829,0.5827463925843253,High,0.9943974
1830,0.5611917698742888,High,0.9736245
1831,0.6408993974994276,High,0.99984753
1832,0.5077834361951953,Medium,0.9987031
1833,0.3852714649264908,Low,0.9996443
1834,0.4987166511729704,Medium,0.9981142
1835,0.3908104251172167,Low,0.99968255
1836,0.4758573477896524,Medium,0.9922794
1837,0.550350084056953,Medium,0.6916489
1838,0.5279407611266885,Medium,0.99848926
1839,0.4004831614812612,Low,0.99954706
1840,0.2408897118947109,Low,0.99980885
1841,0.4071143189178651,Low,0.99939084
1842,0.4180908321002665,Low,0.99886036
1843,0.4163922259493837,Low,0.9991079
1844,0.441699885329009,Low,0.97760576
1845,0.9233967609169468,High,0.9990268
1846,0.3373786870150552,Low,0.9998104
1847,0.4257146457607214,Low,0.99835014
1848,0.4111731428803277,Low,0.9994117
1849,0.4489389855301793,Low,0.83387953
1850,0.5382780918599288,Medium,0.99579704
1851,0.4143762531964785,Low,0.9991893
1852,0.3873844987659201,Low,0.9994517
1853,0.4041380475119808,Low,0.9994093
1854,0.4272022602497319,Low,0.99783546
1855,0.4113507987011198,Low,0.9992405
1856,0.4374410752433911,Low,0.9984079
1857,0.8589790500794947,High,0.99978775
1858,0.8741936817856231,High,0.9998234
1859,0.6172408439391244,High,0.9996513
1860,0.5266965092838013,Medium,0.99831724
1861,0.5149177202779005,Medium,0.99898285
1862,0.5126076546547491,Medium,0.99905485
1863,0.4996796714989685,Medium,0.9989046
1864,0.5690551444839692,High,0.99703515
1865,0.6911778803505283,High,0.9995443
1866,0.5597582985150237,High,0.98953587
1867,0.5228727226418528,Medium,0.995826
1868,0.5815182855433599,High,0.9991054
1869,0.4042848017486627,Low,0.9990433
1870,0.4735024162308445,Medium,0.9969235
1871,0.2758081458692428,Low,0.9998228
1872,0.4870615143311658,Medium,0.9977337
1873,0.4724225657834556,Medium,0.99463177
1874,0.5823314764392769,High,0.990176
1875,0.5941256249450487,High,0.9962656
1876,0.5593423344394606,High,0.928633
1877,0.5439335754226895,Medium,0.99250716
1878,0.5261022788831832,Medium,0.99810284
1879,0.5705400400186156,High,0.99816775
1880,0.37811207896201,Low,0.99966514
1881,0.5137168909826876,Medium,0.9978714
1882,0.447191428891406,Low,0.7662727
1883,0.3832197256090929,Low,0.9997099
1884,0.5020036832469694,Medium,0.99873656
1885,0.5390863628176769,Medium,0.99081075
1886,0.4567023011247779,Medium,0.95767504
1887,0.4156295952343365,Low,0.99918824
1888,0.3645013660390314,Low,0.9996673
1889,0.4331825562169754,Low,0.9979436
1890,0.4217554727615863,Low,0.99872094
1891,0.4120639317656693,Low,0.9993529
1892,0.3993303804475805,Low,0.99924964
1893,0.2725738535757632,Low,0.9998969
1894,0.2582269270670917,Low,0.99991155
1895,0.4501682508313808,Low,0.9881712
1896,0.3783558819958709,Low,0.9993605
1897,0.5322060961669132,Medium,0.99749136
1898,0.4086976846263725,Low,0.99932325
1899,0.3693134545668059,Low,0.999632
1900,0.3681914501460985,Low,0.9994822
1901,0.3973510208072758,Low,0.9995956
1902,0.3542610373171494,Low,0.99964166
1903,0.4059704508985975,Low,0.99944216
1904,0.4784369768525556,Medium,0.9946353
1905,0.435962633745749,Low,0.9942253
1906,0.524108013237462,Medium,0.9987436
1907,0.5022355094576014,Medium,0.9989279
1908,0.4510585087509539,Low,0.9683824
1909,0.4415376731568028,Low,0.9617162
1910,0.4492510112862361,Low,0.9827958
1911,0.4888675743377854,Medium,0.9980844
1912,0.5796721858762165,High,0.9982516
1913,0.5688441666169438,High,0.9973239
1914,0.4523712724883506,Low,0.79468113
1915,0.5896803908813412,High,0.9996798
1916,0.5125741281319277,Medium,0.9988159
1917,0.5587905979950316,High,0.98392487
1918,0.5329590743820456,Medium,0.99661934
1919,0.5601277312641737,Medium,0.9715362
1920,0.4940412654528047,Medium,0.99890363
1921,0.587643268542488,High,0.9972626
1922,0.6152334780389515,High,0.9979809
1923,0.5454137400682852,Medium,0.9873899
1924,0.5845356412668105,High,0.9942802
1925,0.5931600919047691,High,0.9991829
1926,0.5499425576030286,Medium,0.94333357
1927,0.4432463972625073,Low,0.9820749
1928,0.4756728915546834,Medium,0.9923894
1929,0.2924970315647375,Low,0.9998023
1930,0.4209829225250983,Low,0.9994062
1931,0.4881939562104314,Medium,0.995987
1932,0.5252532566017253,Medium,0.99684
1933,0.356743070298659,Low,0.99946207
1934,0.3279896655085297,Low,0.9997464
1935,0.4499707415452822,Low,0.9586346
1936,0.4698582816848329,Medium,0.96755546
1937,0.4392637907396225,Low,0.9988932
1938,0.4055655046533183,Low,0.9993832
1939,0.3973151332588565,Low,0.9996704
1940,0.3852510022675128,Low,0.99967515
1941,0.3364329391695984,Low,0.999119
1942,0.4251413096619804,Low,0.998776
1943,0.3474126364571441,Low,0.9990277
1944,0.5011080868923854,Medium,0.9987721
1945,0.4363725971227294,Low,0.9862555
1946,0.4210073590118768,Low,0.99934024
1947,0.4626524977943622,Medium,0.9177156
1948,0.4157667234438782,Low,0.9974074
1949,0.3895244337781665,Low,0.9995347
1950,0.503294263385704,Medium,0.9982658
1951,0.4870830325311771,Medium,0.9987984
1952,0.4599395217867877,Medium,0.91285443
1953,0.5172532611630576,Medium,0.9987226
1954,0.5093188831086263,Medium,0.9964616
1955,0.5088150183568385,Medium,0.99753344
1956,0.4644588319526723,Medium,0.9471348
1957,0.4906522695795319,Medium,0.99905807
1958,0.5452020973553366,Medium,0.9932894
1959,0.5436544434573888,Medium,0.9053507
1960,0.602806914177301,High,0.99955195
1961,0.554317283752857,High,0.942847
1962,0.4854869915010518,Medium,0.99871147
1963,0.5229175646690726,Medium,0.9987437
1964,0.5062299747556381,Medium,0.99896944
1965,0.5507187706780563,Medium,0.9878734
1966,0.4869521623024314,Medium,0.9907898
1967,0.5709307692485995,High,0.9939837
1968,0.6258782950456653,High,0.99803776
1969,0.6248312300482921,High,0.9994905
1970,0.6198075991685427,High,0.99919885
1971,0.6207115191060761,High,0.99916685
1972,0.6318457642269061,High,0.99936014
1973,0.6322595308931889,High,0.99974316
1974,0.0617496741394143,Low,0.99980706
1975,0.39532962956701,Low,0.99946815
1976,0.4177329031224849,Low,0.9994985
1977,0.4905495179062168,Medium,0.99734515
1978,0.4831457185201862,Medium,0.9975923
1979,0.5117628567334754,Medium,0.9969893
1980,0.4606461590661346,Medium,0.8105194
1981,0.5100111439105462,Medium,0.9970018
1982,0.3665767924541036,Low,0.9996207
1983,0.2855427358691848,Low,0.9998547
1984,0.3736728410396225,Low,0.9996314
1985,0.3052844916612476,Low,0.9998273
1986,0.3083536697701936,Low,0.9998416
1987,0.4191374038504304,Low,0.9993092
1988,0.4757557415505287,Medium,0.9859561
1989,0.447902268695415,Low,0.7608702
1990,0.4398139687974527,Low,0.99834526
1991,0.4385405024019028,Low,0.99354845
1992,0.4807691800870188,Medium,0.99781644
1993,0.5139938464983264,Medium,0.99935204
1994,0.3828689282927737,Low,0.999218
1995,0.4916221800612173,Medium,0.998487
1996,0.3438733537279702,Low,0.9997104
1997,0.3939727015889807,Low,0.99915385
1998,0.5638191517464923,High,0.9963576
1999,0.4164708468655105,Low,0.99544346
2000,0.508049484336672,Medium,0.99805343
2001,0.4524898467589714,Low,0.9853029
2002,0.4079542060342678,Low,0.9994734
2003,0.4736476639959267,Medium,0.9920083
2004,0.4982566017235547,Medium,0.9984585
2005,0.48709562116862,Medium,0.9985526
2006,0.5539051302953637,High,0.95959264
2007,0.5659086621228884,High,0.9980692
2008,0.492557166102195,Medium,0.9969926
2009,0.4518184299042207,Low,0.75024754
2010,0.4748261703278076,Medium,0.9963606
2011,0.4549099176551318,Low,0.9894014
2012,0.5673543683546736,High,0.9892642
2013,0.5410438584540004,Medium,0.9914704
2014,0.50164455712352,Medium,0.99888474
2015,0.6405805348453413,High,0.9997036
2016,0.5345013546295135,Medium,0.9949765
2017,0.4424098160313688,Low,0.9975835
2018,0.6225731638200612,High,0.999582
2019,0.6089738304752368,High,0.99913114
2020,0.7376322356899676,High,0.99984944
2021,0.2652681287945068,Low,0.99541
2022,0.1446034372119319,Low,0.99530125
2023,0.2601516818383421,Low,0.9982048
2024,0.4081750725731615,Low,0.9988343
2025,0.3594232511281339,Low,0.99967444
2026,0.3101743485062417,Low,0.99980086
2027,0.4625381041453338,Medium,0.97474414
2028,0.5460731479537329,Medium,0.91893566
2029,0.4178490275779995,Low,0.99923944
2030,0.3638083051349178,Low,0.9996909
2031,0.3794501239616783,Low,0.9994543
2032,0.3621609611795563,Low,0.9996631
2033,0.4221448217465546,Low,0.99940085
2034,0.4466623981854716,Low,0.98502433
2035,0.4474916693304271,Low,0.9708227
2036,0.4597667946635247,Medium,0.8144087
2037,0.419189808307666,Low,0.9992175
2038,0.4116443749444173,Low,0.99938965
2039,0.5011653464467366,Medium,0.99892324
2040,0.8546911844131939,High,0.9998198
2041,0.448674159006952,Low,0.80168116
2042,0.3871568835834568,Low,0.99949443
2043,0.3573025410413837,Low,0.9996166
2044,0.3480590320377335,Low,0.9995078
2045,0.5016695504526116,Medium,0.99886
2046,0.4214018938169891,Low,0.9967855
2047,0.4715310260984774,Medium,0.9729604
2048,0.5275629774983793,Medium,0.9894617
2049,0.4086889835061987,Low,0.9996124
2050,0.4641667347038638,Medium,0.95330095
2051,0.5642200824024328,High,0.92412776
2052,0.4407604516029857,Low,0.9986327
2053,0.4968075684109108,Medium,0.9972108
2054,0.3823192100898691,Low,0.9990627
2055,0.4492902244946848,Low,0.9856441
2056,0.4666839421347128,Medium,0.98192465
2057,0.4301438646061382,Low,0.9985362
2058,0.4682165964627201,Medium,0.977164
2059,0.4698526626657626,Medium,0.9869299
2060,0.4664739427953793,Medium,0.86117744
2061,0.4935449681823888,Medium,0.99836177
2062,0.5341473680051657,Medium,0.9974446
2063,0.6345174135088549,High,0.99973565
2064,0.4999276598557526,Medium,0.99785525
2065,0.4681099879054413,Medium,0.8705455
2066,0.6023655192501435,High,0.9997185
2067,0.682422315063106,High,0.9998795
